run_id,phase,scenario,model,fold,feature_set,pretraining,protocol_hash,semantic_config_hash,implementation_commit,environment_hash,pos_weight,best_epoch,best_validation_auc,status,artifact_path
C1-S1-canonical_mlp-not_applicable-D-fold0-668dcdb9dbe1,C1,S1,canonical_mlp,0,D,not_applicable,d42337690181f1054297f514934ad0c98bb718223bc06d8de5569f40a184ee32,668dcdb9dbe147549098c60e0c90208933c5479ea10f3419e25d72d87d4223ef,f3181c9d7dbce55ba57e5f8cebf8347f9840cf29,8986d0e7f3809a317f6fb0c51882cbdc09da5b02b3e9ae3b7a6bb0984d861ed9,1.4018043279647827,5,0.6299351226766208,done,D:\TA\nih-multimodal\results\canonical\d42337690181f1054297f514934ad0c98bb718223bc06d8de5569f40a184ee32\runs\C1-S1-canonical_mlp-not_applicable-D-fold0-668dcdb9dbe1
C1-S1-canonical_mlp-not_applicable-D-fold1-a6c620f2e7c2,C1,S1,canonical_mlp,1,D,not_applicable,d42337690181f1054297f514934ad0c98bb718223bc06d8de5569f40a184ee32,a6c620f2e7c2a8d493a34636dc339db19d037223d16e9d634b92681331b1968b,f3181c9d7dbce55ba57e5f8cebf8347f9840cf29,8986d0e7f3809a317f6fb0c51882cbdc09da5b02b3e9ae3b7a6bb0984d861ed9,1.4018529653549194,10,0.6211488309136257,done,D:\TA\nih-multimodal\results\canonical\d42337690181f1054297f514934ad0c98bb718223bc06d8de5569f40a184ee32\runs\C1-S1-canonical_mlp-not_applicable-D-fold1-a6c620f2e7c2
C1-S1-canonical_mlp-not_applicable-D-fold2-e22969fc9f35,C1,S1,canonical_mlp,2,D,not_applicable,d42337690181f1054297f514934ad0c98bb718223bc06d8de5569f40a184ee32,e22969fc9f35cc0de503debf86c4a7061925ebaebd6306ac9e71de9da5b0e62f,f3181c9d7dbce55ba57e5f8cebf8347f9840cf29,8986d0e7f3809a317f6fb0c51882cbdc09da5b02b3e9ae3b7a6bb0984d861ed9,1.4018876552581787,9,0.6213295247280927,done,D:\TA\nih-multimodal\results\canonical\d42337690181f1054297f514934ad0c98bb718223bc06d8de5569f40a184ee32\runs\C1-S1-canonical_mlp-not_applicable-D-fold2-e22969fc9f35
C1-S1-canonical_mlp-not_applicable-D-fold3-ce8ef7de65a2,C1,S1,canonical_mlp,3,D,not_applicable,d42337690181f1054297f514934ad0c98bb718223bc06d8de5569f40a184ee32,ce8ef7de65a2764a5572d70f2f7f2978eb095ec1981009186dc4b8d083b6208f,f3181c9d7dbce55ba57e5f8cebf8347f9840cf29,8986d0e7f3809a317f6fb0c51882cbdc09da5b02b3e9ae3b7a6bb0984d861ed9,1.4018669128417969,5,0.6202413354786377,done,D:\TA\nih-multimodal\results\canonical\d42337690181f1054297f514934ad0c98bb718223bc06d8de5569f40a184ee32\runs\C1-S1-canonical_mlp-not_applicable-D-fold3-ce8ef7de65a2
C1-S1-canonical_mlp-not_applicable-D-fold4-7b5e63103c03,C1,S1,canonical_mlp,4,D,not_applicable,d42337690181f1054297f514934ad0c98bb718223bc06d8de5569f40a184ee32,7b5e63103c03bea29fe9b484e3db5d4d18697dd364e1c9ff5d371dc9cc75d23d,f3181c9d7dbce55ba57e5f8cebf8347f9840cf29,8986d0e7f3809a317f6fb0c51882cbdc09da5b02b3e9ae3b7a6bb0984d861ed9,1.4018043279647827,10,0.6209618143935438,done,D:\TA\nih-multimodal\results\canonical\d42337690181f1054297f514934ad0c98bb718223bc06d8de5569f40a184ee32\runs\C1-S1-canonical_mlp-not_applicable-D-fold4-7b5e63103c03
C1-realmlp-D-fold0-1cb3f20495f5,C1,S1,realmlp,0,D,not_applicable,d42337690181f1054297f514934ad0c98bb718223bc06d8de5569f40a184ee32,1cb3f20495f502232a080439b17785c2b6e64fcaefbdfe47b23f53fb32891115,f3181c9d7dbce55ba57e5f8cebf8347f9840cf29,8986d0e7f3809a317f6fb0c51882cbdc09da5b02b3e9ae3b7a6bb0984d861ed9,not_applicable,model_managed,0.6304216991660299,done,D:\TA\nih-multimodal\results\canonical\d42337690181f1054297f514934ad0c98bb718223bc06d8de5569f40a184ee32\runs\C1-realmlp-D-fold0-1cb3f20495f5
C1-realmlp-D-fold1-9f16fb3ca9cd,C1,S1,realmlp,1,D,not_applicable,d42337690181f1054297f514934ad0c98bb718223bc06d8de5569f40a184ee32,9f16fb3ca9cd6c1d7058443925c29d7fe09732856463c471e8f7c1e14061c040,f3181c9d7dbce55ba57e5f8cebf8347f9840cf29,8986d0e7f3809a317f6fb0c51882cbdc09da5b02b3e9ae3b7a6bb0984d861ed9,not_applicable,model_managed,0.6219332765337602,done,D:\TA\nih-multimodal\results\canonical\d42337690181f1054297f514934ad0c98bb718223bc06d8de5569f40a184ee32\runs\C1-realmlp-D-fold1-9f16fb3ca9cd
C1-realmlp-D-fold2-8bb40cda3e2c,C1,S1,realmlp,2,D,not_applicable,d42337690181f1054297f514934ad0c98bb718223bc06d8de5569f40a184ee32,8bb40cda3e2c4ed4482604f20a920ebddd36d40bf6a6ee249b27c408826262b8,f3181c9d7dbce55ba57e5f8cebf8347f9840cf29,8986d0e7f3809a317f6fb0c51882cbdc09da5b02b3e9ae3b7a6bb0984d861ed9,not_applicable,model_managed,0.622443211237204,done,D:\TA\nih-multimodal\results\canonical\d42337690181f1054297f514934ad0c98bb718223bc06d8de5569f40a184ee32\runs\C1-realmlp-D-fold2-8bb40cda3e2c
C1-realmlp-D-fold3-882c631faeac,C1,S1,realmlp,3,D,not_applicable,d42337690181f1054297f514934ad0c98bb718223bc06d8de5569f40a184ee32,882c631faeacc52b08aa9715df7a1d11c228eff25614a856c8e0fbac486387cd,f3181c9d7dbce55ba57e5f8cebf8347f9840cf29,8986d0e7f3809a317f6fb0c51882cbdc09da5b02b3e9ae3b7a6bb0984d861ed9,not_applicable,model_managed,0.6215291267331234,done,D:\TA\nih-multimodal\results\canonical\d42337690181f1054297f514934ad0c98bb718223bc06d8de5569f40a184ee32\runs\C1-realmlp-D-fold3-882c631faeac
C1-realmlp-D-fold4-b80144f38c46,C1,S1,realmlp,4,D,not_applicable,d42337690181f1054297f514934ad0c98bb718223bc06d8de5569f40a184ee32,b80144f38c46abb8028831a2f10b71575342d83feb2d5cdd99aab3f12dceefbf,f3181c9d7dbce55ba57e5f8cebf8347f9840cf29,8986d0e7f3809a317f6fb0c51882cbdc09da5b02b3e9ae3b7a6bb0984d861ed9,not_applicable,model_managed,0.6226525005360058,done,D:\TA\nih-multimodal\results\canonical\d42337690181f1054297f514934ad0c98bb718223bc06d8de5569f40a184ee32\runs\C1-realmlp-D-fold4-b80144f38c46
C1-tabm-D-fold0-3c6a21f81220,C1,S1,tabm,0,D,not_applicable,d42337690181f1054297f514934ad0c98bb718223bc06d8de5569f40a184ee32,3c6a21f81220a2df74280955b5d680c00e566195f1f698a989f85a51a2654c53,f3181c9d7dbce55ba57e5f8cebf8347f9840cf29,8986d0e7f3809a317f6fb0c51882cbdc09da5b02b3e9ae3b7a6bb0984d861ed9,not_applicable,model_managed,0.6268978798907098,done,D:\TA\nih-multimodal\results\canonical\d42337690181f1054297f514934ad0c98bb718223bc06d8de5569f40a184ee32\runs\C1-tabm-D-fold0-3c6a21f81220
C1-tabm-D-fold1-71535906aa00,C1,S1,tabm,1,D,not_applicable,d42337690181f1054297f514934ad0c98bb718223bc06d8de5569f40a184ee32,71535906aa00ebb3e0ec2a2a628846d269fafb55fd0900f0edfadf1cd1fdc8bd,f3181c9d7dbce55ba57e5f8cebf8347f9840cf29,8986d0e7f3809a317f6fb0c51882cbdc09da5b02b3e9ae3b7a6bb0984d861ed9,not_applicable,model_managed,0.6217225249242483,done,D:\TA\nih-multimodal\results\canonical\d42337690181f1054297f514934ad0c98bb718223bc06d8de5569f40a184ee32\runs\C1-tabm-D-fold1-71535906aa00
C1-tabm-D-fold2-852696c2f32d,C1,S1,tabm,2,D,not_applicable,d42337690181f1054297f514934ad0c98bb718223bc06d8de5569f40a184ee32,852696c2f32d446ae23c8b441b26874d2b56b5d228bc53ba6982e84413de820e,f3181c9d7dbce55ba57e5f8cebf8347f9840cf29,8986d0e7f3809a317f6fb0c51882cbdc09da5b02b3e9ae3b7a6bb0984d861ed9,not_applicable,model_managed,0.6199440940655587,done,D:\TA\nih-multimodal\results\canonical\d42337690181f1054297f514934ad0c98bb718223bc06d8de5569f40a184ee32\runs\C1-tabm-D-fold2-852696c2f32d
C1-tabm-D-fold3-82d995390ed1,C1,S1,tabm,3,D,not_applicable,d42337690181f1054297f514934ad0c98bb718223bc06d8de5569f40a184ee32,82d995390ed1c8cd0c9174ac34db846f519a2383b0be5910ec5806d1c7be5091,f3181c9d7dbce55ba57e5f8cebf8347f9840cf29,8986d0e7f3809a317f6fb0c51882cbdc09da5b02b3e9ae3b7a6bb0984d861ed9,not_applicable,model_managed,0.6212783910535785,done,D:\TA\nih-multimodal\results\canonical\d42337690181f1054297f514934ad0c98bb718223bc06d8de5569f40a184ee32\runs\C1-tabm-D-fold3-82d995390ed1
C1-tabm-D-fold4-9a860390e616,C1,S1,tabm,4,D,not_applicable,d42337690181f1054297f514934ad0c98bb718223bc06d8de5569f40a184ee32,9a860390e616d9b0dd9b1e722cafd2ee49f3c861ed6457395a60aa496fbf6dc5,f3181c9d7dbce55ba57e5f8cebf8347f9840cf29,8986d0e7f3809a317f6fb0c51882cbdc09da5b02b3e9ae3b7a6bb0984d861ed9,not_applicable,model_managed,0.6218657538990989,done,D:\TA\nih-multimodal\results\canonical\d42337690181f1054297f514934ad0c98bb718223bc06d8de5569f40a184ee32\runs\C1-tabm-D-fold4-9a860390e616
C2-S2-densenet121-imagenet-D-fold0-fd9ece203322,C2,S2,densenet121,0,D,imagenet,d42337690181f1054297f514934ad0c98bb718223bc06d8de5569f40a184ee32,fd9ece203322353f8effc2d896606c350727e11bb9b2592ad8306eed03fe2296,8c1cd2127e4967f12f5dedf390c29972c6d16407,8986d0e7f3809a317f6fb0c51882cbdc09da5b02b3e9ae3b7a6bb0984d861ed9,1.4018043279647827,5,0.7487879876966042,done,D:\TA\nih-multimodal\results\canonical\d42337690181f1054297f514934ad0c98bb718223bc06d8de5569f40a184ee32\runs\C2-S2-densenet121-imagenet-D-fold0-fd9ece203322
C2-S2-densenet121-imagenet-D-fold1-d076c615d2d3,C2,S2,densenet121,1,D,imagenet,d42337690181f1054297f514934ad0c98bb718223bc06d8de5569f40a184ee32,d076c615d2d39016c36bb7d533c518a19f9a4e7dbfcba37a649a58e2db5a4ddd,8c1cd2127e4967f12f5dedf390c29972c6d16407,8986d0e7f3809a317f6fb0c51882cbdc09da5b02b3e9ae3b7a6bb0984d861ed9,1.4018529653549194,8,0.7441534893947409,done,D:\TA\nih-multimodal\results\canonical\d42337690181f1054297f514934ad0c98bb718223bc06d8de5569f40a184ee32\runs\C2-S2-densenet121-imagenet-D-fold1-d076c615d2d3
C2-S2-densenet121-imagenet-D-fold2-c3c76e9b624d,C2,S2,densenet121,2,D,imagenet,d42337690181f1054297f514934ad0c98bb718223bc06d8de5569f40a184ee32,c3c76e9b624d9a28172de52599fd56dda3c005f001a2f16a105d32721980c242,8c1cd2127e4967f12f5dedf390c29972c6d16407,8986d0e7f3809a317f6fb0c51882cbdc09da5b02b3e9ae3b7a6bb0984d861ed9,1.4018876552581787,5,0.7476264234597952,done,D:\TA\nih-multimodal\results\canonical\d42337690181f1054297f514934ad0c98bb718223bc06d8de5569f40a184ee32\runs\C2-S2-densenet121-imagenet-D-fold2-c3c76e9b624d
C2-S2-densenet121-imagenet-D-fold3-6ae1df913f8e,C2,S2,densenet121,3,D,imagenet,d42337690181f1054297f514934ad0c98bb718223bc06d8de5569f40a184ee32,6ae1df913f8e698c13d55b4051c04d2e308a993fda094e6c9935df5dfdd637a1,8c1cd2127e4967f12f5dedf390c29972c6d16407,8986d0e7f3809a317f6fb0c51882cbdc09da5b02b3e9ae3b7a6bb0984d861ed9,1.4018669128417969,4,0.7457176618292356,done,D:\TA\nih-multimodal\results\canonical\d42337690181f1054297f514934ad0c98bb718223bc06d8de5569f40a184ee32\runs\C2-S2-densenet121-imagenet-D-fold3-6ae1df913f8e
C2-S2-densenet121-imagenet-D-fold4-670d05a52f69,C2,S2,densenet121,4,D,imagenet,d42337690181f1054297f514934ad0c98bb718223bc06d8de5569f40a184ee32,670d05a52f69b86231bb5fd29b7ffb0f9239581088ff3fc5cbd62785258dc09b,8c1cd2127e4967f12f5dedf390c29972c6d16407,8986d0e7f3809a317f6fb0c51882cbdc09da5b02b3e9ae3b7a6bb0984d861ed9,1.4018043279647827,9,0.7429385489909346,done,D:\TA\nih-multimodal\results\canonical\d42337690181f1054297f514934ad0c98bb718223bc06d8de5569f40a184ee32\runs\C2-S2-densenet121-imagenet-D-fold4-670d05a52f69
C2-S2-efficientnet_b0-imagenet-D-fold0-271727e38f7e,C2,S2,efficientnet_b0,0,D,imagenet,d42337690181f1054297f514934ad0c98bb718223bc06d8de5569f40a184ee32,271727e38f7e591c90b412b942aa25e3e0927771c9add1b186d188fbb0102ab4,8c1cd2127e4967f12f5dedf390c29972c6d16407,8986d0e7f3809a317f6fb0c51882cbdc09da5b02b3e9ae3b7a6bb0984d861ed9,1.4018043279647827,6,0.7517752101417805,done,D:\TA\nih-multimodal\results\canonical\d42337690181f1054297f514934ad0c98bb718223bc06d8de5569f40a184ee32\runs\C2-S2-efficientnet_b0-imagenet-D-fold0-271727e38f7e
C2-S2-efficientnet_b0-imagenet-D-fold1-552a1a87d1e7,C2,S2,efficientnet_b0,1,D,imagenet,d42337690181f1054297f514934ad0c98bb718223bc06d8de5569f40a184ee32,552a1a87d1e742ca332ffbaca99b577cd4b2d18b182e85a32b678661f5d8cc91,8c1cd2127e4967f12f5dedf390c29972c6d16407,8986d0e7f3809a317f6fb0c51882cbdc09da5b02b3e9ae3b7a6bb0984d861ed9,1.4018529653549194,5,0.7538881002604076,done,D:\TA\nih-multimodal\results\canonical\d42337690181f1054297f514934ad0c98bb718223bc06d8de5569f40a184ee32\runs\C2-S2-efficientnet_b0-imagenet-D-fold1-552a1a87d1e7
C2-S2-efficientnet_b0-imagenet-D-fold2-9ccacc86e412,C2,S2,efficientnet_b0,2,D,imagenet,d42337690181f1054297f514934ad0c98bb718223bc06d8de5569f40a184ee32,9ccacc86e412b273a30e95b2fb088c7aee772dfe25249b121a61d4de9eb2bc4e,8c1cd2127e4967f12f5dedf390c29972c6d16407,8986d0e7f3809a317f6fb0c51882cbdc09da5b02b3e9ae3b7a6bb0984d861ed9,1.4018876552581787,4,0.7513187796127154,done,D:\TA\nih-multimodal\results\canonical\d42337690181f1054297f514934ad0c98bb718223bc06d8de5569f40a184ee32\runs\C2-S2-efficientnet_b0-imagenet-D-fold2-9ccacc86e412
C2-S2-efficientnet_b0-imagenet-D-fold3-57928c0b7bf0,C2,S2,efficientnet_b0,3,D,imagenet,d42337690181f1054297f514934ad0c98bb718223bc06d8de5569f40a184ee32,57928c0b7bf0a561004f0620396b11eedfc68f51d4524daf67af455f56d3aa37,8c1cd2127e4967f12f5dedf390c29972c6d16407,8986d0e7f3809a317f6fb0c51882cbdc09da5b02b3e9ae3b7a6bb0984d861ed9,1.4018669128417969,4,0.7504121500790942,done,D:\TA\nih-multimodal\results\canonical\d42337690181f1054297f514934ad0c98bb718223bc06d8de5569f40a184ee32\runs\C2-S2-efficientnet_b0-imagenet-D-fold3-57928c0b7bf0
C2-S2-efficientnet_b0-imagenet-D-fold4-6a7102c24a08,C2,S2,efficientnet_b0,4,D,imagenet,d42337690181f1054297f514934ad0c98bb718223bc06d8de5569f40a184ee32,6a7102c24a08e880f9039690c422f46b6fd90f582c14d32264eba3d173490853,8c1cd2127e4967f12f5dedf390c29972c6d16407,8986d0e7f3809a317f6fb0c51882cbdc09da5b02b3e9ae3b7a6bb0984d861ed9,1.4018043279647827,4,0.7486108446352687,done,D:\TA\nih-multimodal\results\canonical\d42337690181f1054297f514934ad0c98bb718223bc06d8de5569f40a184ee32\runs\C2-S2-efficientnet_b0-imagenet-D-fold4-6a7102c24a08
C2-S2-resnet50-imagenet-D-fold0-200802ee83ce,C2,S2,resnet50,0,D,imagenet,d42337690181f1054297f514934ad0c98bb718223bc06d8de5569f40a184ee32,200802ee83ce648f3de4ca8dc2b1d4bb4d6a00a93acf76301f6c2da278d5e6cb,8c1cd2127e4967f12f5dedf390c29972c6d16407,8986d0e7f3809a317f6fb0c51882cbdc09da5b02b3e9ae3b7a6bb0984d861ed9,1.4018043279647827,5,0.7532430346727066,done,D:\TA\nih-multimodal\results\canonical\d42337690181f1054297f514934ad0c98bb718223bc06d8de5569f40a184ee32\runs\C2-S2-resnet50-imagenet-D-fold0-200802ee83ce
C2-S2-resnet50-imagenet-D-fold1-56454f084999,C2,S2,resnet50,1,D,imagenet,d42337690181f1054297f514934ad0c98bb718223bc06d8de5569f40a184ee32,56454f084999391f2d1d84f3f98c68c9a550976157d37ee87a42fbde5e9eaf82,8c1cd2127e4967f12f5dedf390c29972c6d16407,8986d0e7f3809a317f6fb0c51882cbdc09da5b02b3e9ae3b7a6bb0984d861ed9,1.4018529653549194,4,0.7569836403487678,done,D:\TA\nih-multimodal\results\canonical\d42337690181f1054297f514934ad0c98bb718223bc06d8de5569f40a184ee32\runs\C2-S2-resnet50-imagenet-D-fold1-56454f084999
C2-S2-resnet50-imagenet-D-fold2-452cfbfc6b4b,C2,S2,resnet50,2,D,imagenet,d42337690181f1054297f514934ad0c98bb718223bc06d8de5569f40a184ee32,452cfbfc6b4b96f3512335768ed53162cf93fc9012e5ccba0180310cc66b7111,8c1cd2127e4967f12f5dedf390c29972c6d16407,8986d0e7f3809a317f6fb0c51882cbdc09da5b02b3e9ae3b7a6bb0984d861ed9,1.4018876552581787,5,0.7539001704087205,done,D:\TA\nih-multimodal\results\canonical\d42337690181f1054297f514934ad0c98bb718223bc06d8de5569f40a184ee32\runs\C2-S2-resnet50-imagenet-D-fold2-452cfbfc6b4b
C2-S2-resnet50-imagenet-D-fold3-5c18cb76e79f,C2,S2,resnet50,3,D,imagenet,d42337690181f1054297f514934ad0c98bb718223bc06d8de5569f40a184ee32,5c18cb76e79f51335bc2aa899201fb944813f0d7112ca95607fb967001ca179f,8c1cd2127e4967f12f5dedf390c29972c6d16407,8986d0e7f3809a317f6fb0c51882cbdc09da5b02b3e9ae3b7a6bb0984d861ed9,1.4018669128417969,3,0.7525856460077942,done,D:\TA\nih-multimodal\results\canonical\d42337690181f1054297f514934ad0c98bb718223bc06d8de5569f40a184ee32\runs\C2-S2-resnet50-imagenet-D-fold3-5c18cb76e79f
C2-S2-resnet50-imagenet-D-fold4-f31ba193dee9,C2,S2,resnet50,4,D,imagenet,d42337690181f1054297f514934ad0c98bb718223bc06d8de5569f40a184ee32,f31ba193dee9ce8dd45f1d24184cc0259edb9b8e8d37a37c7280f65c84769a2c,8c1cd2127e4967f12f5dedf390c29972c6d16407,8986d0e7f3809a317f6fb0c51882cbdc09da5b02b3e9ae3b7a6bb0984d861ed9,1.4018043279647827,6,0.7509921674427299,done,D:\TA\nih-multimodal\results\canonical\d42337690181f1054297f514934ad0c98bb718223bc06d8de5569f40a184ee32\runs\C2-S2-resnet50-imagenet-D-fold4-f31ba193dee9
